athlete_id,session_id,session_local_date,session_min_hr,session_median_cadence,baseline_resting_hr,baseline_typical_cadence,n_prior_sessions_in_window
A01,S060e9290,2026-07-06,46,172.0,,,0
A04,S5a616b96,2026-07-06,48,172.0,,,0
A03,S5ce2fe0a,2026-07-06,54,172.0,,,0
A05,Sf1d371b3,2026-07-06,43,172.0,,,0
A02,Sf52fff01,2026-07-06,50,172.0,,,0
A04,S1bab77ef,2026-07-08,49,172.0,,,1
A01,S26321ed4,2026-07-08,45,172.0,,,1
A05,S82fc0596,2026-07-08,44,172.0,,,1
A02,Scd476521,2026-07-08,50,172.0,,,1
A03,Sfe697c1d,2026-07-08,53,172.0,,,1
A03,S1d561d2d,2026-07-10,54,172.0,,,2
A05,S3ec02a05,2026-07-10,43,172.0,,,2
A02,S4ec32af7,2026-07-10,49,172.0,,,2
A01,S8b1f2a36,2026-07-10,44,172.0,,,2
A04,Sa727e7e1,2026-07-10,49,172.0,,,2
A02,S1be9b2e5,2026-07-11,50,166.0,49.666666666666664,172.0,3
A05,S70c1759c,2026-07-11,43,166.0,43.333333333333336,172.0,3
A03,S832c1bcb,2026-07-11,53,172.0,53.666666666666664,172.0,3
A01,S8b7fe81b,2026-07-11,45,166.0,45.0,172.0,3
A04,S95349570,2026-07-11,48,172.0,48.666666666666664,172.0,3
A05,S012490fe,2026-07-13,43,172.0,43.25,170.5,4
A02,S91fd13c0,2026-07-13,49,172.0,49.75,170.5,4
A03,Sd0827c1b,2026-07-13,51,172.0,53.5,172.0,4
A01,Sd08c0fb3,2026-07-13,45,172.0,45.0,170.5,4
A04,S1ad6fed6,2026-07-15,45,172.0,48.5,172.0,4
A01,S66860897,2026-07-15,46,172.0,45.0,170.8,5
A03,S8646c5d1,2026-07-15,54,172.0,53.0,172.0,5
A05,Sdba30607,2026-07-15,43,172.0,43.2,170.8,5
A04,S592b01fd,2026-07-17,47,172.0,47.8,172.0,5
A01,S67848e8a,2026-07-17,46,172.0,45.166666666666664,171.0,6
A02,S97026b8f,2026-07-17,50,172.0,49.6,170.8,5
A05,Scfa1603d,2026-07-17,44,172.0,43.166666666666664,171.0,6
A02,S18a6aeea,2026-07-18,49,166.0,49.666666666666664,171.0,6
A03,S1e98fa71,2026-07-18,52,172.0,53.166666666666664,172.0,6
A04,S4a00cc5d,2026-07-18,48,172.0,47.666666666666664,172.0,6
A01,Sad1af068,2026-07-18,47,166.0,45.285714285714285,171.14285714285714,7
A05,S030978ca,2026-07-20,43,172.0,43.285714285714285,171.14285714285714,7
A04,S1079addd,2026-07-20,47,172.0,47.714285714285715,172.0,7
A01,S22344203,2026-07-20,44,166.0,45.5,170.5,8
A03,S6ad48618,2026-07-20,53,172.0,53.0,172.0,7
A02,Sc1bcc107,2026-07-20,50,172.0,49.57142857142857,170.28571428571428,7
A01,S6a2b1c7f,2026-07-22,46,172.0,45.25,169.75,8
A02,S86347e25,2026-07-22,49,166.0,49.57142857142857,170.28571428571428,7
A03,Sa2c5030f,2026-07-22,52,171.0,52.857142857142854,172.0,7
A04,Sb867aa07,2026-07-22,47,172.0,47.57142857142857,172.0,7
A05,Sf9abee94,2026-07-22,43,172.0,43.285714285714285,171.14285714285714,7
A03,S7cf20954,2026-07-24,51,172.0,52.714285714285715,171.85714285714286,7
A02,S967808f2,2026-07-24,51,172.0,49.42857142857143,169.42857142857142,7
A01,Sbbc9caa1,2026-07-24,47,172.0,45.375,169.75,8
A04,Sce91e611,2026-07-24,48,172.0,47.285714285714285,172.0,7
A05,Sef2e24d2,2026-07-24,45,172.0,43.142857142857146,171.14285714285714,7
A04,S25c3bf04,2026-07-25,47,172.0,47.142857142857146,172.0,7
A01,S606059d4,2026-07-25,45,166.0,45.75,169.75,8
A03,Se411ad48,2026-07-25,52,172.0,52.285714285714285,171.85714285714286,7
A05,Sfed4e711,2026-07-25,43,166.0,43.42857142857143,171.14285714285714,7
A03,S237526c0,2026-07-27,52,172.0,52.142857142857146,171.85714285714286,7
A04,S88761bb2,2026-07-27,48,172.0,47.0,172.0,7
A02,Sc10dd279,2026-07-27,49,172.0,49.666666666666664,170.0,6
A01,Sc891c8cb,2026-07-27,46,166.0,45.75,169.75,8
A05,Sec7e1fbf,2026-07-27,45,172.0,43.42857142857143,171.14285714285714,7
A02,S4d0e2daa,2026-07-29,50,171.0,49.666666666666664,170.0,6
A03,S50bba810,2026-07-29,51,172.0,52.285714285714285,171.85714285714286,7
A05,S750cb75f,2026-07-29,45,172.0,43.714285714285715,171.14285714285714,7
A01,Se38c134a,2026-07-29,45,172.0,45.875,169.0,8
A04,Sff86a4d3,2026-07-29,47,172.0,47.125,172.0,8
A05,S4abc232a,2026-07-31,43,172.0,44.0,171.14285714285714,7
A04,S7e088466,2026-07-31,47,172.0,47.375,172.0,8
A03,Sa927ab91,2026-07-31,50,172.0,51.857142857142854,171.85714285714286,7
A01,Sb3d0d5aa,2026-07-31,46,166.0,45.75,169.0,8
A02,Sd9ebcf50,2026-07-31,48,172.0,49.714285714285715,170.14285714285714,7
A05,S085e25fc,2026-08-01,44,166.0,43.857142857142854,171.14285714285714,7
A03,S8b65aec7,2026-08-01,51,172.0,51.625,171.875,8
A01,Sa15e8d59,2026-08-01,43,166.0,45.75,168.25,8
A04,Sacddc07c,2026-08-01,48,172.0,47.375,172.0,8
A02,Sfecaaeac,2026-08-01,49,166.0,49.42857142857143,170.14285714285714,7
A03,S22e1d77e,2026-08-03,53,172.0,51.5,171.875,8
A01,S2836132d,2026-08-03,45,172.0,45.25,168.25,8
A02,S52107f2a,2026-08-03,48,172.0,49.42857142857143,170.14285714285714,7
A04,Se9f8bf86,2026-08-03,46,172.0,47.375,172.0,8
A02,S0b21423f,2026-08-05,49,172.0,49.142857142857146,170.14285714285714,7
A01,S2d26f09a,2026-08-05,46,172.0,45.375,169.0,8
A05,S87b2c5ae,2026-08-05,41,172.0,44.0,170.28571428571428,7
A03,Sbdc50d8d,2026-08-05,50,172.0,51.5,171.875,8
A01,S16fba86b,2026-08-07,44,172.0,45.375,169.0,8
A05,S42eb6e48,2026-08-07,43,172.0,43.714285714285715,170.28571428571428,7
A03,S98f7ba16,2026-08-07,53,172.0,51.25,172.0,8
A04,Sbd97f363,2026-08-07,48,172.0,47.285714285714285,172.0,7
A02,Sfb257db5,2026-08-07,50,172.0,49.142857142857146,171.0,7
A05,S50515f80,2026-08-08,44,166.0,43.42857142857143,170.28571428571428,7
A03,S5c41873e,2026-08-08,53,172.0,51.5,172.0,8
A04,Sac662d26,2026-08-08,47,172.0,47.285714285714285,172.0,7
A01,Sf1d90b78,2026-08-08,43,166.0,45.0,169.0,8
A02,S3180766c,2026-08-10,49,172.0,49.0,171.0,7
A05,S62c4c5e1,2026-08-10,43,172.0,43.57142857142857,170.28571428571428,7
A03,S84e13bb2,2026-08-10,53,172.0,51.625,172.0,8
A04,S8b360c11,2026-08-10,48,172.0,47.285714285714285,172.0,7
A01,S9d6ab031,2026-08-10,47,172.0,44.75,169.0,8
A03,S181d9eb8,2026-08-12,54,172.0,51.75,172.0,8
A02,S2cb2f01f,2026-08-12,48,172.0,49.0,171.0,7
A04,S5d0ddfde,2026-08-12,47,172.0,47.285714285714285,172.0,7
A01,S5fa4c1ab,2026-08-12,43,172.0,44.875,169.75,8
A05,Sa1dde0c7,2026-08-12,44,172.0,43.285714285714285,170.28571428571428,7
A02,Sc4be8cb1,2026-08-12,50,172.0,49.0,171.0,7
A02,S2bfbaf0b,2026-08-14,47,172.0,48.875,171.25,8
A04,S3521db94,2026-08-14,47,172.0,47.285714285714285,172.0,7
A03,S78ebd6bf,2026-08-14,52,172.0,52.125,172.0,8
A05,Sa8c29f72,2026-08-14,43,172.0,43.142857142857146,170.28571428571428,7
A01,Sb04e3bda,2026-08-14,44,172.0,44.625,169.75,8
A06,Sffa26a0d,2026-08-14,56,172.0,,,0
A06,S12973307,2026-08-15,54,166.0,,,1
A05,S1f69622c,2026-08-15,44,172.0,43.142857142857146,170.28571428571428,7
A01,S24a93e2c,2026-08-15,45,166.0,44.375,170.5,8
A02,S422c3aad,2026-08-15,49,166.0,48.75,171.25,8
A03,Sad9e5404,2026-08-15,53,172.0,52.375,172.0,8
A04,Scaf1741d,2026-08-15,48,172.0,47.285714285714285,172.0,7
A01,S0b522dcd,2026-08-17,45,172.0,44.625,170.5,8
A04,S1ee69de7,2026-08-17,45,172.0,47.285714285714285,172.0,7
A02,S5e19b3e6,2026-08-17,47,172.0,48.75,171.25,8
A03,S6ae613b7,2026-08-17,53,172.0,52.625,172.0,8
A05,S930166a9,2026-08-17,42,172.0,43.142857142857146,171.14285714285714,7
A06,Sc17f94ac,2026-08-17,55,171.0,,,2
A02,S1ee411f0,2026-08-19,51,172.0,48.625,171.25,8
A01,S28746f6a,2026-08-19,45,166.0,44.625,170.5,8
A06,S36c72984,2026-08-19,56,172.0,55.0,169.66666666666666,3
A04,S3a706591,2026-08-19,46,172.0,47.142857142857146,172.0,7
A03,S7ea30cf2,2026-08-19,53,172.0,52.625,172.0,8
A05,Sff207deb,2026-08-19,43,172.0,43.0,171.25,8
A02,S11bea691,2026-08-21,49,172.0,48.875,171.25,8
A06,S35fbc8a4,2026-08-21,53,172.0,55.25,170.25,4
A03,S52b90c47,2026-08-21,55,172.0,53.0,172.0,8
A01,S5a10413b,2026-08-21,47,172.0,44.5,169.75,8
A04,S7601a50d,2026-08-21,47,172.0,47.0,172.0,8
A05,Se06bc0e7,2026-08-21,44,172.0,43.25,171.25,8
A02,S066ace70,2026-08-22,48,166.0,48.75,171.25,8
A04,S5e3f296f,2026-08-22,47,172.0,46.875,172.0,8
A01,S719426f7,2026-08-22,46,166.0,44.875,169.75,8
A05,Sa1a11202,2026-08-22,45,172.0,43.375,171.25,8
A02,S38c021bc,2026-08-24,48,172.0,48.666666666666664,170.66666666666666,9
A06,S3fa25445,2026-08-24,57,172.0,54.8,170.6,5
A03,S6b4d0c3b,2026-08-24,53,172.0,53.285714285714285,172.0,7
A04,S81f42837,2026-08-24,49,172.0,46.875,172.0,8
A05,S9fd0b550,2026-08-24,45,172.0,43.5,172.0,8
A03,S256b3a6e,2026-08-26,53,172.0,53.285714285714285,172.0,7
A04,S8bbeaf9b,2026-08-26,47,172.0,47.0,172.0,8
A02,S93a6abd5,2026-08-26,49,166.0,48.55555555555556,170.66666666666666,9
A05,Sbaf09bf0,2026-08-26,42,171.0,43.75,172.0,8
A06,Sf17aeb56,2026-08-26,53,172.0,55.166666666666664,170.83333333333334,6
A01,Sf7cd251c,2026-08-26,45,166.0,45.0,169.42857142857142,7
A03,S11d3015f,2026-08-28,51,172.0,53.142857142857146,172.0,7
A06,S57286ab9,2026-08-28,56,172.0,54.857142857142854,171.0,7
A01,S68591cc7,2026-08-28,45,172.0,45.285714285714285,168.57142857142858,7
A05,Sa8c58836,2026-08-28,43,172.0,43.5,171.875,8
A04,Sea4241dc,2026-08-28,46,172.0,47.0,172.0,8
A05,S7e2e1408,2026-08-29,45,172.0,43.5,171.875,8
A06,S7e48ad85,2026-08-29,55,166.0,54.857142857142854,171.0,7
A03,Sa4774a2e,2026-08-29,53,172.0,53.0,172.0,7
A04,Sc6fb6f5a,2026-08-29,45,172.0,46.875,172.0,8
A02,Sced6c639,2026-08-29,50,166.0,48.714285714285715,169.42857142857142,7
