label_id,athlete_name,session_date,squad,label,rpe,entered_at
L9541c8,Ali  Raza,2026-07-06,Endurance,Intervals,8,2026-07-06T21:00:00
L41b86f,HAMZA TARIQ,2026-07-06,Speed,Tempo,6,2026-07-06T20:00:00
Laec80a,Zainab M.,2026-07-06,Speed,Tempo,7,2026-07-06T21:00:00
L789858,Sara K.,2026-07-06,Endurance,Easy,5,2026-07-09T20:00:00
L3c0b06,Bilal Ahmed,2026-07-06,Endurance,Tempo,8,2026-07-06T23:00:00
L365139,BILAL AHMED,2026-07-08,Endurance,Easy,4,2026-07-08T19:00:00
L572c41,Ali Raza,2026-07-08,Endurance,Easy,5,2026-07-08T22:00:00
L22a370,Sara K.,2026-07-08,Endurance,Easy,5,2026-07-08T21:00:00
Lf10165,zainab mirza,2026-07-08,Speed,Intervals,8,2026-07-08T23:00:00
L15ea6c,hamza tariq,2026-07-08,Speed,Easy,3,2026-07-08T22:00:00
L08dd58,SARA KHAN,2026-07-10,Endurance,Easy,3,2026-07-10T21:00:00
L260443,hamza tariq,2026-07-10,Speed,Intervals,7,2026-07-10T22:00:00
Lfe0943,ZAINAB MIRZA,2026-07-10,Speed,Tempo,6,2026-07-10T20:00:00
L5ffb55,ali raza,2026-07-10,Endurance,Easy,3,2026-07-10T19:00:00
L7f3a2a,BILAL AHMED,2026-07-10,Endurance,Easy,5,2026-07-10T22:00:00
L230df8,Bilal Ahmed,2026-07-11,Endurance,Long,6,2026-07-11T19:00:00
L2176d8,Sara K.,2026-07-11,Endurance,Long,5,2026-07-13T20:00:00
L193dbd,hamza tariq,2026-07-11,Speed,Sprints,8,2026-07-11T19:00:00
L7def96,ali raza,2026-07-11,Endurance,Long,6,2026-07-11T21:00:00
Lc01af2,Zainab M.,2026-07-11,Speed,Sprints,7,2026-07-11T21:00:00
L4bab01,BILAL AHMED,2026-07-13,Endurance,Easy,3,2026-07-17T23:00:00
L9ee91d,ali raza,2026-07-13,Endurance,Easy,4,2026-07-13T19:00:00
L3ffd0b,Sara Khan,2026-07-13,Endurance,Tempo,6,2026-07-13T21:00:00
L17177b,hamza tariq,2026-07-13,Speed,Tempo,6,2026-07-13T22:00:00
L8e8aac,HAMZA TARIQ,2026-07-15,Speed,Sprints,7,2026-07-15T23:00:00
L925ffe,Bilal A.,2026-07-15,Endurance,Easy,4,2026-07-17T19:00:00
Lf6ae93,Ali R.,2026-07-15,Endurance,Easy,4,2026-07-15T23:00:00
L36e86e,ZAINAB MIRZA,2026-07-15,Speed,Sprints,9,2026-07-15T21:00:00
Le432bc,ALI RAZA,2026-07-17,Endurance,Tempo,8,2026-07-17T20:00:00
Le600ea,Zainab M.,2026-07-17,Speed,Intervals,9,2026-07-17T20:00:00
L8bf418,Sara  Khan,2026-07-17,Endurance,Easy,3,2026-07-18T20:00:00
L07502d,Bilal  Ahmed,2026-07-17,Endurance,Intervals,7,2026-07-17T21:00:00
L62bc39,Zainab M.,2026-07-18,Speed,Intervals,7,2026-07-18T19:00:00
L5f7cfb,Hamza  Tariq,2026-07-18,Speed,Sprints,7,2026-07-18T22:00:00
Ld8b1aa,ali raza,2026-07-18,Endurance,Long,5,2026-07-19T20:00:00
Lde9a65,Sara  Khan,2026-07-18,Endurance,Long,5,2026-07-18T23:00:00
L776bab,Hamza  Tariq,2026-07-20,Speed,Tempo,6,2026-07-20T23:00:00
Lc34622,bilal ahmed,2026-07-20,Endurance,Easy,5,2026-07-20T21:00:00
L1c2933,sara khan,2026-07-20,Endurance,Intervals,8,2026-07-20T21:00:00
L316f6b,zainab mirza,2026-07-20,Speed,Easy,5,2026-07-20T21:00:00
La117e5,Ali R.,2026-07-20,Endurance,Long,5,2026-07-20T19:00:00
Lba34ea,Ali  Raza,2026-07-22,Endurance,Easy,5,2026-07-22T21:00:00
Lf729f9,Hamza  Tariq,2026-07-22,Speed,Easy,5,2026-07-22T19:00:00
L6f418b,Bilal A.,2026-07-22,Endurance,Easy,5,2026-07-22T23:00:00
Ldab851,zainab mirza,2026-07-22,Speed,Tempo,6,2026-07-22T21:00:00
Lb08ab5,Sara  Khan,2026-07-22,Endurance,Long,6,2026-07-25T20:00:00
L39d97c,Zainab  Mirza,2026-07-24,Speed,Easy,4,2026-07-24T20:00:00
Ld82666,ali raza,2026-07-24,Endurance,Easy,5,2026-07-24T22:00:00
L636549,Hamza  Tariq,2026-07-24,Speed,Easy,5,2026-07-24T20:00:00
Ld86e0d,SARA KHAN,2026-07-24,Endurance,Intervals,9,2026-07-24T22:00:00
L0a7533,Bilal  Ahmed,2026-07-24,Endurance,Intervals,7,2026-07-24T19:00:00
Leb273b,hamza tariq,2026-07-25,Speed,Tempo,6,2026-07-25T22:00:00
L7c8603,BILAL AHMED,2026-07-25,Endurance,Long,7,2026-07-25T19:00:00
L724659,Ali Raza,2026-07-25,Endurance,Long,6,2026-07-31T19:00:00
L0a2bed,Zainab  Mirza,2026-07-25,Speed,Intervals,8,2026-07-25T23:00:00
L36948b,Zainab M.,2026-07-27,Speed,Intervals,9,2026-08-02T20:00:00
L555c6c,Hamza  Tariq,2026-07-27,Speed,Intervals,7,2026-07-27T21:00:00
L342bc6,ali raza,2026-07-27,Endurance,Long,5,2026-07-30T22:00:00
L9e4491,BILAL AHMED,2026-07-27,Endurance,Tempo,7,2026-07-27T19:00:00
L7a6fb5,Sara K.,2026-07-27,Endurance,Tempo,7,2026-07-27T20:00:00
L24e40e,Ali R.,2026-07-29,Endurance,Easy,5,2026-07-29T19:00:00
L4d5170,Hamza  Tariq,2026-07-29,Speed,Sprints,7,2026-07-29T19:00:00
L048ba5,bilal ahmed,2026-07-29,Endurance,Easy,5,2026-08-02T22:00:00
Ldbbbcd,sara khan,2026-07-29,Endurance,Easy,4,2026-07-29T21:00:00
L6feeb0,Zainab Mirza,2026-07-29,Speed,Easy,3,2026-07-29T23:00:00
L92ae54,Sara  Khan,2026-07-31,Endurance,Tempo,7,2026-07-31T23:00:00
Lc798f0,Zainab M.,2026-07-31,Speed,Easy,4,2026-07-31T22:00:00
Lfaa5ac,ALI RAZA,2026-07-31,Endurance,Long,5,2026-07-31T19:00:00
Le6e61f,HAMZA TARIQ,2026-07-31,Speed,Tempo,8,2026-07-31T23:00:00
Lff9d9f,Bilal A.,2026-07-31,Endurance,Tempo,6,2026-07-31T19:00:00
Le5157f,Sara Khan,2026-08-01,Endurance,Long,5,2026-08-01T19:00:00
L4df327,Hamza Tariq,2026-08-01,Speed,Intervals,8,2026-08-01T19:00:00
Lc2e9fe,Zainab M.,2026-08-01,Speed,Sprints,9,2026-08-01T23:00:00
La959b8,Bilal  Ahmed,2026-08-01,Endurance,Long,6,2026-08-01T22:00:00
L13a30c,ali raza,2026-08-01,Endurance,Long,6,2026-08-01T19:00:00
Lb664da,ali raza,2026-08-03,Endurance,Easy,5,2026-08-03T19:00:00
L8819f5,SARA KHAN,2026-08-03,Endurance,Easy,3,2026-08-03T23:00:00
L74de6c,Hamza  Tariq,2026-08-03,Speed,Sprints,9,2026-08-03T19:00:00
L5e43c8,ZAINAB MIRZA,2026-08-03,Speed,Intervals,8,2026-08-03T21:00:00
L29e093,Ali  Raza,2026-08-05,Endurance,Intervals,7,2026-08-05T22:00:00
Lc2634f,Hamza T.,2026-08-05,Speed,Tempo,6,2026-08-08T23:00:00
Ldf10ac,Bilal Ahmed,2026-08-05,Endurance,Easy,5,2026-08-05T21:00:00
Le14da7,sara khan,2026-08-05,Endurance,Easy,4,2026-08-09T20:00:00
L2029ee,Zainab  Mirza,2026-08-07,Speed,Easy,4,2026-08-07T23:00:00
L499d5b,Hamza Tariq,2026-08-07,Speed,Tempo,6,2026-08-07T20:00:00
L0db86f,Bilal Ahmed,2026-08-07,Endurance,Easy,5,2026-08-07T20:00:00
Lafa024,ali raza,2026-08-07,Endurance,Intervals,7,2026-08-07T23:00:00
L13b44c,Sara Khan,2026-08-07,Endurance,Easy,4,2026-08-11T21:00:00
Le487aa,Zainab  Mirza,2026-08-08,Speed,Easy,3,2026-08-08T20:00:00
L2e6e66,HAMZA TARIQ,2026-08-08,Speed,Intervals,9,2026-08-08T20:00:00
Lecf612,Bilal  Ahmed,2026-08-08,Endurance,Long,6,2026-08-08T19:00:00
L12c399,Ali  Raza,2026-08-08,Endurance,Long,5,2026-08-09T23:00:00
L38a828,hamza tariq,2026-08-10,Speed,Easy,5,2026-08-10T22:00:00
L9c8565,sara khan,2026-08-10,Endurance,Easy,4,2026-08-10T21:00:00
Lf96d93,Bilal A.,2026-08-10,Endurance,Intervals,7,2026-08-10T19:00:00
L76d95b,Ali  Raza,2026-08-10,Endurance,Tempo,8,2026-08-10T19:00:00
L57a500,Zainab  Mirza,2026-08-10,Speed,Sprints,9,2026-08-10T23:00:00
Lf8f378,Sara Khan,2026-08-12,Endurance,Easy,3,2026-08-12T20:00:00
L46d254,hamza tariq,2026-08-12,Speed,Tempo,7,2026-08-16T20:00:00
Lb524e7,Zainab Mirza,2026-08-12,Speed,Tempo,6,2026-08-12T21:00:00
L7244a8,Bilal  Ahmed,2026-08-12,Speed,Intervals,8,2026-08-12T23:00:00
L663c97,Ali R.,2026-08-12,Endurance,Easy,3,2026-08-12T22:00:00
L5c19ac,Sara K.,2026-08-12,Endurance,Tempo,8,2026-08-12T20:00:00
L432500,Zainab Mirza,2026-08-14,Speed,Easy,5,2026-08-14T21:00:00
L088195,BILAL AHMED,2026-08-14,Speed,Easy,3,2026-08-14T22:00:00
L0cc010,mehak noor,2026-08-14,Endurance,Intervals,7,2026-08-14T22:00:00
L3a3f19,Ali R.,2026-08-14,Endurance,Easy,3,2026-08-18T19:00:00
Le2c172,sara khan,2026-08-14,Endurance,Easy,3,2026-08-14T23:00:00
Lfc6b3f,Hamza  Tariq,2026-08-14,Speed,Tempo,8,2026-08-15T19:00:00
L2f412b,Ali R.,2026-08-15,Endurance,Long,7,2026-08-15T20:00:00
Lded0d4,Sara K.,2026-08-15,Endurance,Long,6,2026-08-15T23:00:00
L6bf187,Mehak Noor,2026-08-15,Endurance,Long,5,2026-08-15T20:00:00
L827488,Zainab M.,2026-08-15,Speed,Sprints,8,2026-08-15T19:00:00
Led0d83,HAMZA TARIQ,2026-08-15,Speed,Tempo,7,2026-08-15T19:00:00
L02dfd2,Bilal A.,2026-08-15,Speed,Intervals,8,2026-08-15T23:00:00
L26b532,Mehak  Noor,2026-08-17,Endurance,Easy,4,2026-08-17T22:00:00
L81e84b,Ali R.,2026-08-17,Endurance,Easy,3,2026-08-17T23:00:00
L78f1d1,HAMZA TARIQ,2026-08-17,Speed,Tempo,6,2026-08-22T21:00:00
L039c56,ZAINAB MIRZA,2026-08-17,Speed,Easy,5,2026-08-17T23:00:00
Lb2b4f6,sara khan,2026-08-17,Endurance,Easy,4,2026-08-18T22:00:00
L0a9684,Bilal  Ahmed,2026-08-17,Speed,Sprints,9,2026-08-18T21:00:00
L404759,Zainab Mirza,2026-08-19,Speed,Intervals,9,2026-08-19T20:00:00
Lb8f19a,Bilal  Ahmed,2026-08-19,Speed,Intervals,8,2026-08-19T23:00:00
Lab411b,ALI RAZA,2026-08-19,Endurance,Long,5,2026-08-19T19:00:00
L6360ef,Hamza Tariq,2026-08-19,Speed,Tempo,7,2026-08-19T22:00:00
Lee3fb9,Mehak  Noor,2026-08-19,Endurance,Easy,3,2026-08-19T21:00:00
L6da3f0,SARA KHAN,2026-08-19,Endurance,Easy,3,2026-08-22T22:00:00
Lc104a4,ALI RAZA,2026-08-21,Endurance,Tempo,6,2026-08-21T21:00:00
Lb61200,Mehak N.,2026-08-21,Endurance,Easy,5,2026-08-21T19:00:00
L5b5f5e,Zainab M.,2026-08-21,Speed,Sprints,8,2026-08-21T23:00:00
Lb041d7,bilal ahmed,2026-08-21,Speed,Sprints,7,2026-08-21T20:00:00
Lce9800,Sara Khan,2026-08-21,Endurance,Easy,4,2026-08-21T21:00:00
L9733bc,hamza tariq,2026-08-21,Speed,Tempo,6,2026-08-21T20:00:00
L09f980,Ali Raza,2026-08-22,Endurance,Long,6,2026-08-22T22:00:00
Lbeb340,Sara Khan,2026-08-22,Endurance,Long,5,2026-08-22T22:00:00
L7a5db6,Zainab M.,2026-08-22,Speed,Tempo,8,2026-08-22T21:00:00
Ldd0524,BILAL AHMED,2026-08-22,Speed,Intervals,7,2026-08-22T19:00:00
L9b1d0b,Bilal Ahmed,2026-08-24,Speed,Sprints,7,2026-08-24T21:00:00
L94a8c4,mehak noor,2026-08-24,Endurance,Intervals,9,2026-08-24T23:00:00
La52a45,Hamza Tariq,2026-08-24,Speed,Intervals,7,2026-08-29T22:00:00
Lc9f737,Zainab M.,2026-08-24,Speed,Sprints,8,2026-08-26T20:00:00
Lc61602,sara khan,2026-08-24,Endurance,Easy,5,2026-08-24T22:00:00
L42468f,Ali  Raza,2026-08-26,Endurance,Long,7,2026-08-26T19:00:00
Lcee6f3,Hamza  Tariq,2026-08-26,Speed,Easy,5,2026-08-26T22:00:00
L66119d,Mehak N.,2026-08-26,Endurance,Intervals,9,2026-08-26T20:00:00
Ld14608,BILAL AHMED,2026-08-26,Speed,Sprints,7,2026-08-26T20:00:00
L78e2c0,Sara Khan,2026-08-26,Endurance,Long,7,2026-08-26T23:00:00
Lb457f5,Zainab Mirza,2026-08-26,Speed,Intervals,9,2026-08-27T21:00:00
L391c5a,Ali Raza,2026-08-28,Endurance,Tempo,8,2026-08-28T22:00:00
Lbabc42,BILAL AHMED,2026-08-28,Speed,Intervals,8,2026-08-31T23:00:00
L1d24ea,Mehak  Noor,2026-08-28,Endurance,Intervals,9,2026-08-28T19:00:00
L1314cf,Zainab  Mirza,2026-08-28,Speed,Intervals,7,2026-08-28T19:00:00
Le0956b,hamza tariq,2026-08-28,Speed,Tempo,8,2026-08-28T23:00:00
L5992f5,Bilal A.,2026-08-29,Speed,Intervals,8,2026-08-29T19:00:00
L84f5c6,Zainab Mirza,2026-08-29,Speed,Intervals,7,2026-08-29T20:00:00
La3ce66,Mehak Noor,2026-08-29,Endurance,Long,6,2026-08-29T22:00:00
L190181,sara khan,2026-08-29,Endurance,Long,7,2026-08-29T23:00:00
Lc97309,Hamza Tariq,2026-08-29,Speed,Intervals,7,2026-08-29T22:00:00
